month,commit_count,lines_added,lines_removed,total_churn,files_changed,month_date
2001-12,8,1914,46,1960,30,2001-12-01
2002-01,117,90283,3126,93409,436,2002-01-01
2002-02,39,2918,856,3774,134,2002-02-01
2002-03,23,4943,129,5072,40,2002-03-01
2002-04,55,8079,3734,11813,152,2002-04-01
2002-05,17,435,167,602,25,2002-05-01
2002-06,15,6423,2801,9224,25,2002-06-01
2002-07,7,107,35,142,13,2002-07-01
2002-08,14,573,393,966,29,2002-08-01
2002-09,59,42043,14797,56840,391,2002-09-01
2002-10,40,3978,1959,5937,89,2002-10-01
2002-11,17,453,77,530,24,2002-11-01
2002-12,5,216,41,257,7,2002-12-01
2003-01,14,628,145,773,19,2003-01-01
2003-02,21,562,122,684,23,2003-02-01
2003-03,34,1276,332,1608,59,2003-03-01
2003-04,5,218,17,235,7,2003-04-01
2003-05,5,172,33,205,5,2003-05-01
2003-06,2,7,7,14,2,2003-06-01
2003-08,9,176,63,239,11,2003-08-01
2003-09,27,1866,994,2860,59,2003-09-01
2003-10,38,1582,1625,3207,110,2003-10-01
2003-11,12,80,60,140,14,2003-11-01
2003-12,15,209,114,323,24,2003-12-01
2004-01,18,3797,138,3935,66,2004-01-01
2004-02,71,2527,136139,138666,437,2004-02-01
2004-03,50,471,163,634,64,2004-03-01
2004-04,34,1340,137,1477,50,2004-04-01
2004-05,33,1051,138,1189,45,2004-05-01
2004-06,16,1610,99,1709,23,2004-06-01
2004-08,2,40,21,61,2,2004-08-01
2004-09,20,891,662,1553,32,2004-09-01
2004-10,27,344,233,577,43,2004-10-01
2004-11,38,2242,501,2743,59,2004-11-01
2004-12,10,1019,687,1706,32,2004-12-01
2005-01,11,131,114,245,17,2005-01-01
2005-02,1,4,0,4,1,2005-02-01
2005-03,12,294,118,412,19,2005-03-01
2005-04,1,1346,0,1346,2,2005-04-01
2005-05,4,51,48,99,10,2005-05-01
2005-06,4,55,16,71,5,2005-06-01
2005-07,3,46,24,70,3,2005-07-01
2005-08,8,77,1,78,8,2005-08-01
2005-09,143,175445,46928,222373,1778,2005-09-01
2005-10,255,14715,10649,25364,712,2005-10-01
2005-11,134,38640,28409,67049,496,2005-11-01
2005-12,194,15522,14011,29533,724,2005-12-01
2006-01,265,15358,141037,156395,1440,2006-01-01
2006-02,135,7358,4061,11419,303,2006-02-01
2006-03,134,8344,4233,12577,378,2006-03-01
2006-04,137,4118,1997,6115,252,2006-04-01
2006-05,86,2642,574,3216,132,2006-05-01
2006-06,154,23957,12439,36396,419,2006-06-01
2006-07,208,35259,208703,243962,876,2006-07-01
2006-08,147,13071,7324,20395,454,2006-08-01
2006-09,135,8506,4644,13150,258,2006-09-01
2006-10,179,18503,8558,27061,396,2006-10-01
2006-11,41,4978,2542,7520,69,2006-11-01
2006-12,26,3846,2749,6595,68,2006-12-01
2007-01,33,3912,3747,7659,174,2007-01-01
2007-02,41,2421,1348,3769,63,2007-02-01
2007-03,60,12764,7147,19911,125,2007-03-01
2007-04,89,10075,7171,17246,166,2007-04-01
2007-05,111,4873,3242,8115,260,2007-05-01
2007-06,24,650,398,1048,35,2007-06-01
2007-07,61,1653,1092,2745,85,2007-07-01
2007-08,50,28366,25046,53412,142,2007-08-01
2007-09,67,6106,3385,9491,147,2007-09-01
2007-10,35,1077,928,2005,140,2007-10-01
2007-11,34,4183,1397,5580,96,2007-11-01
2007-12,98,15891,237886,253777,764,2007-12-01
2008-01,82,3095,1101,4196,126,2008-01-01
2008-02,61,5916,3937,9853,104,2008-02-01
2008-03,115,4277,2913,7190,153,2008-03-01
2008-04,164,16516,11260,27776,291,2008-04-01
2008-05,100,20563,18953,39516,190,2008-05-01
2008-06,70,9408,7136,16544,257,2008-06-01
2008-07,165,7525,26470,33995,364,2008-07-01
2008-08,119,105501,14346,119847,483,2008-08-01
2008-09,110,3922,3501,7423,200,2008-09-01
2008-10,49,23872,7694,31566,206,2008-10-01
2008-11,136,8524,16342,24866,272,2008-11-01
2008-12,133,3338,2700,6038,188,2008-12-01
2009-01,49,5608,535,6143,82,2009-01-01
2009-02,146,14608,9698,24306,195,2009-02-01
2009-03,242,27123,6840,33963,381,2009-03-01
2009-04,103,49332,32687,82019,440,2009-04-01
2009-05,71,5232,6817,12049,125,2009-05-01
2009-06,56,8393,4373,12766,174,2009-06-01
2009-07,183,6975,2609,9584,289,2009-07-01
2009-08,80,10051,5658,15709,172,2009-08-01
2009-09,71,2332,1868,4200,184,2009-09-01
2009-10,190,23973,11650,35623,364,2009-10-01
2009-11,178,23561,4014,27575,320,2009-11-01
2009-12,190,9185,5002,14187,383,2009-12-01
2010-01,40,738,450,1188,48,2010-01-01
2010-02,175,14500,10059,24559,388,2010-02-01
2010-03,40,2844,2754,5598,102,2010-03-01
2010-04,41,881,413,1294,67,2010-04-01
2010-05,74,3607,2504,6111,140,2010-05-01
2010-06,18,1974,148,2122,29,2010-06-01
2010-07,63,3268,2241,5509,160,2010-07-01
2010-08,50,2969,707,3676,76,2010-08-01
2010-09,40,5761,2176,7937,70,2010-09-01
2010-10,53,10809,10203,21012,128,2010-10-01
2010-11,46,5048,1211,6259,119,2010-11-01
2010-12,73,13587,4286,17873,210,2010-12-01
2011-01,131,34930,20737,55667,456,2011-01-01
2011-02,38,3834,1501,5335,114,2011-02-01
2011-03,178,23577,18151,41728,392,2011-03-01
2011-04,95,3033,2083,5116,256,2011-04-01
2011-05,51,7473,3715,11188,169,2011-05-01
2011-06,153,21408,11243,32651,552,2011-06-01
2011-07,138,20515,12309,32824,519,2011-07-01
2011-08,203,21558,9626,31184,715,2011-08-01
2011-09,44,7478,4920,12398,97,2011-09-01
2011-10,25,673,464,1137,34,2011-10-01
2011-11,5,121,19,140,6,2011-11-01
2011-12,43,15309,10949,26258,150,2011-12-01
2012-01,46,4266,3343,7609,133,2012-01-01
2012-02,87,7226,4402,11628,325,2012-02-01
2012-03,67,6327,5322,11649,116,2012-03-01
2012-04,48,5668,5166,10834,95,2012-04-01
2012-05,61,2736,12651,15387,251,2012-05-01
2012-06,49,1751,589,2340,139,2012-06-01
2012-07,77,13762,12249,26011,122,2012-07-01
2012-08,30,375,144,519,54,2012-08-01
2012-09,68,9972,8687,18659,149,2012-09-01
2012-10,66,160084,5415,165499,103,2012-10-01
2012-11,96,6195,4114,10309,138,2012-11-01
2012-12,68,3411,1922,5333,99,2012-12-01
2013-01,107,4234,4190,8424,204,2013-01-01
2013-02,66,2309,1071,3380,594,2013-02-01
2013-03,61,8322,6525,14847,581,2013-03-01
2013-04,128,6708,80157,86865,860,2013-04-01
2013-05,111,12068,6804,18872,214,2013-05-01
2013-06,104,8621,4671,13292,220,2013-06-01
2013-07,76,2000,5726,7726,187,2013-07-01
2013-08,97,11204,21393,32597,603,2013-08-01
2013-09,106,4773,3516,8289,186,2013-09-01
2013-10,121,7361,8187,15548,229,2013-10-01
2013-11,57,1134,527,1661,83,2013-11-01
2013-12,55,1758,549,2307,103,2013-12-01
2014-01,83,11876,11804,23680,259,2014-01-01
2014-02,109,8529,6212,14741,237,2014-02-01
2014-03,147,13377,91731,105108,347,2014-03-01
2014-04,51,4503,30311,34814,140,2014-04-01
2014-05,74,1739,4480,6219,132,2014-05-01
2014-06,48,1011,497,1508,75,2014-06-01
2014-07,86,3558,2441,5999,208,2014-07-01
2014-08,51,3153,2885,6038,125,2014-08-01
2014-09,70,2239,712,2951,139,2014-09-01
2014-10,60,1870,995,2865,121,2014-10-01
2014-11,56,1540,1216,2756,92,2014-11-01
2014-12,38,1420,382,1802,74,2014-12-01
2015-01,68,4496,1934,6430,142,2015-01-01
2015-02,65,1609,825,2434,109,2015-02-01
2015-03,62,2599,1321,3920,129,2015-03-01
2015-04,40,1157,525,1682,75,2015-04-01
2015-05,61,2372,791,3163,101,2015-05-01
2015-06,75,2521,2178,4699,172,2015-06-01
2015-07,65,11955,10196,22151,285,2015-07-01
2015-08,97,6567,2330,8897,215,2015-08-01
2015-09,60,1835,624,2459,98,2015-09-01
2015-10,108,3732,1572,5304,210,2015-10-01
2015-11,61,1523,1087,2610,116,2015-11-01
2015-12,97,2641,1280,3921,222,2015-12-01
2016-01,153,5212,3266,8478,354,2016-01-01
2016-02,112,3218,2008,5226,229,2016-02-01
2016-03,50,1683,690,2373,82,2016-03-01
2016-04,31,497,284,781,53,2016-04-01
2016-05,53,1234,383,1617,90,2016-05-01
2016-06,43,1962,980,2942,93,2016-06-01
2016-07,27,632,440,1072,44,2016-07-01
2016-08,39,1452,362,1814,75,2016-08-01
2016-09,66,5276,1278,6554,255,2016-09-01
2016-10,66,1551,406,1957,103,2016-10-01
2016-11,49,2635,1246,3881,121,2016-11-01
2016-12,67,107249,111479,218728,135,2016-12-01
2017-01,73,2464,1437,3901,122,2017-01-01
2017-02,108,2619,15141,17760,255,2017-02-01
2017-03,137,136861,115503,252364,365,2017-03-01
2017-04,142,7487,3816,11303,336,2017-04-01
2017-05,90,2988,1564,4552,220,2017-05-01
2017-06,81,4040,11876,15916,304,2017-06-01
2017-07,101,12433,7193,19626,262,2017-07-01
2017-08,81,1835,1137,2972,228,2017-08-01
2017-09,114,2070,1285,3355,195,2017-09-01
2017-10,85,4081,1145,5226,139,2017-10-01
2017-11,129,11664,2948,14612,302,2017-11-01
2017-12,117,5703,4946,10649,247,2017-12-01
2018-01,98,3448,1414,4862,187,2018-01-01
2018-02,78,4110,2758,6868,227,2018-02-01
2018-03,166,66787,11432,78219,1137,2018-03-01
2018-04,148,6047,8167,14214,503,2018-04-01
2018-05,118,3918,1798,5716,221,2018-05-01
2018-06,152,6785,4428,11213,431,2018-06-01
2018-07,116,3704,1438,5142,206,2018-07-01
2018-08,85,2370,1604,3974,194,2018-08-01
2018-09,163,6355,2729,9084,357,2018-09-01
2018-10,172,15459,3537,18996,431,2018-10-01
2018-11,99,7800,4498,12298,294,2018-11-01
2018-12,112,5415,4017,9432,319,2018-12-01
2019-01,107,5774,1715,7489,241,2019-01-01
2019-02,81,4283,3291,7574,231,2019-02-01
2019-03,107,14796,12522,27318,474,2019-03-01
2019-04,138,5944,5945,11889,529,2019-04-01
2019-05,160,18626,34507,53133,605,2019-05-01
2019-06,142,15133,28593,43726,458,2019-06-01
2019-07,194,5912,2385,8297,387,2019-07-01
2019-08,153,2917,2404,5321,675,2019-08-01
2019-09,142,4652,2374,7026,325,2019-09-01
2019-10,149,4180,2894,7074,334,2019-10-01
2019-11,100,4509,4239,8748,269,2019-11-01
2019-12,106,3456,1538,4994,280,2019-12-01
2020-01,226,11930,11502,23432,994,2020-01-01
2020-02,112,3133,1601,4734,252,2020-02-01
2020-03,125,9899,2983,12882,369,2020-03-01
2020-04,110,3075,1252,4327,221,2020-04-01
2020-05,250,7659,4995,12654,571,2020-05-01
2020-06,218,23087,3620,26707,519,2020-06-01
2020-07,173,6140,15652,21792,335,2020-07-01
2020-08,229,10984,7833,18817,525,2020-08-01
2020-09,219,16890,9431,26321,440,2020-09-01
2020-10,284,16253,4882,21135,515,2020-10-01
2020-11,190,17582,5482,23064,564,2020-11-01
2020-12,174,10013,5130,15143,381,2020-12-01
2021-01,190,11409,6470,17879,422,2021-01-01
2021-02,251,12875,3281,16156,435,2021-02-01
2021-03,177,4083,2908,6991,377,2021-03-01
2021-04,185,124839,4479,129318,381,2021-04-01
2021-05,305,14694,5061,19755,621,2021-05-01
2021-06,212,10175,4449,14624,415,2021-06-01
2021-07,233,59932,27257,87189,515,2021-07-01
2021-08,184,6692,122597,129289,481,2021-08-01
2021-09,216,12621,5918,18539,880,2021-09-01
2021-10,221,17561,5208,22769,482,2021-10-01
2021-11,218,13486,10073,23559,637,2021-11-01
2021-12,138,7937,6501,14438,583,2021-12-01
2022-01,233,14577,7369,21946,554,2022-01-01
2022-02,141,7331,2864,10195,299,2022-02-01
2022-03,134,18810,12324,31134,325,2022-03-01
2022-04,88,4423,2076,6499,226,2022-04-01
2022-05,175,4618,2445,7063,386,2022-05-01
2022-06,240,6180,2919,9099,450,2022-06-01
2022-07,117,2748,1687,4435,216,2022-07-01
2022-08,78,6962,3740,10702,159,2022-08-01
2022-09,106,5583,2201,7784,207,2022-09-01
2022-10,149,5150,4185,9335,385,2022-10-01
2022-11,172,7009,3426,10435,572,2022-11-01
2022-12,159,5910,4838,10748,307,2022-12-01
2023-01,203,5211,7009,12220,403,2023-01-01
2023-02,190,6301,4309,10610,450,2023-02-01
2023-03,158,2974,2867,5841,366,2023-03-01
2023-04,174,4613,2335,6948,353,2023-04-01
2023-05,159,4101,2548,6649,397,2023-05-01
2023-06,259,21427,20308,41735,612,2023-06-01
2023-07,259,7515,5592,13107,584,2023-07-01
2023-08,244,20843,24898,45741,1143,2023-08-01
2023-09,159,10276,9451,19727,1393,2023-09-01
2023-10,198,9966,6592,16558,508,2023-10-01
2023-11,239,17757,6857,24614,903,2023-11-01
2023-12,224,7473,4681,12154,583,2023-12-01
2024-01,166,11482,9052,20534,541,2024-01-01
2024-02,205,21287,8743,30030,816,2024-02-01
2024-03,220,6621,14716,21337,537,2024-03-01
2024-04,136,2315,1756,4071,350,2024-04-01
2024-05,184,4802,2591,7393,348,2024-05-01
2024-06,229,8045,4136,12181,611,2024-06-01
2024-07,247,11608,6969,18577,653,2024-07-01
2024-08,166,7159,3511,10670,588,2024-08-01
2024-09,120,2355,1930,4285,299,2024-09-01
2024-10,144,7664,3393,11057,355,2024-10-01
2024-11,137,7899,4149,12048,382,2024-11-01
2024-12,138,10028,8007,18035,733,2024-12-01
2025-01,145,3443,2959,6402,306,2025-01-01
2025-02,97,3724,1213,4937,170,2025-02-01
2025-03,145,6714,3838,10552,342,2025-03-01
2025-04,223,9039,7279,16318,1125,2025-04-01
2025-05,216,10826,8245,19071,1174,2025-05-01
2025-06,95,5709,1889,7598,374,2025-06-01
2025-07,101,3336,1828,5164,333,2025-07-01
2025-08,107,4980,6878,11858,252,2025-08-01
2025-09,124,6520,3987,10507,280,2025-09-01
2025-10,288,10404,7734,18138,676,2025-10-01
2025-11,150,12065,9672,21737,568,2025-11-01
2025-12,168,9214,29618,38832,683,2025-12-01
2026-01,238,6601,3300,9901,458,2026-01-01
2026-02,83,2637,2635,5272,320,2026-02-01
2026-03,114,4419,2111,6530,387,2026-03-01
2026-04,139,10225,3775,14000,416,2026-04-01
2026-05,51,8019,5986,14005,208,2026-05-01
